,Semana 1,Semana 2,Semana 3,Semana 4
Ciudad 1,20.857142857142858,22.857142857142858,20.285714285714285,23.285714285714285
Ciudad 2,25.285714285714285,26.857142857142858,24.285714285714285,27.285714285714285
Ciudad 3,30.428571428571427,32.42857142857143,29.285714285714285,33.285714285714285
